B.A TAMIL,B.A ENGLISH,B.B.A,B.C.A,B.Com,B.Com ACCOUNTING AND FINANCE, DEPARTMENT OF COMMERCE IT ,DEPARTEMNT OF COMMERCE PA,B.Com With COMPUTER APPLICATIONS,B.Sc BIOCHEMISTRY,B.Sc COSTUME DESIGN AND FASHION,B.Sc CLINICAL LABORATORY TECHNOLOGY,B.Sc COMPUTER SCIENCE (ARTIFICIAL INTELLIGENCE AND DATA SCIENCE),B.Sc COMPUTER SCIENCE,B.Sc ARTIFICIAL INTELLIGENCE & MACHINE LEARNING, B.Sc COMPUTER SCIENCE (CYBER SECURITY),B.Sc DATA SCIENCE,B.Sc INFORMATION TECHNOLOGY, B.Sc MICROBIOLOGY,B.Sc TEXTILE AND FASHION DESIGNING,B.Sc VISUAL COMMUNICATION,M.Sc MICROBIOLOGY,M.Com,M.Sc COMPUTER SCIENCE,M.A ENGLISH,M.Sc TFD, M.S.W
C25UG208TAM001,C25UG208ENG001,C25UG208BAD001,C25UG208CAP001,C25UG208COM001,C25UG208ACF001,C25UG208CIT001,C25UG208PAC001,C25UG208CCA001,C25UG208BIC001,C25UG208CDF002,C25UG208CLT001,C25UG208AID001,C25UG208CSC001,C25UG208AML001,C25UG208CCS001,C25UG208DAS001,C25UG208INT001,C25UG208MIB001,C25UG208TFD001,C25UG208VCN001,C25PG208MIB001,C25PG208COM001,C25PG208CSC001,C25PG208ENG001,C25PG208TFD001,C25PG208SOW001
C25UG208TAM002,C25UG208ENG003,C25UG208BAD002,C25UG208CAP002,C25UG208COM002,C25UG208ACF002,C25UG208CIT002,C25UG208PAC002,C25UG208CCA002,C25UG208BIC002,C25UG208CDF003,C25UG208CLT002,C25UG208AID002,C25UG208CSC003,C25UG208AML002,C25UG208CCS002,C25UG208DAS002,C25UG208INT002,C25UG208MIB002,C25UG208TFD002,C25UG208VCN002,C25PG208MIB002,C25PG208COM002,C25PG208CSC003,C25PG208ENG002,C25PG208TFD002,C25PG208SOW002
C25UG208TAM003,C25UG208ENG004,C25UG208BAD003,C25UG208CAP003,C25UG208COM003,C25UG208ACF003,C25UG208CIT003,C25UG208PAC003,C25UG208CCA004,C25UG208BIC003,C25UG208CDF005,C25UG208CLT003,C25UG208AID003,C25UG208CSC004,C25UG208AML003,C25UG208CCS003,C25UG208DAS003,C25UG208INT003,C25UG208MIB003,C25UG208TFD003,C25UG208VCN003,C25PG208MIB003,C25PG208COM003,C25PG208CSC008,C25PG208ENG003,C25PG208TFD003,C25PG208SOW003
C25UG208TAM004,C25UG208ENG005,C25UG208BAD004,C25UG208CAP004,C25UG208COM004,C25UG208ACF004,C25UG208CIT004,C25UG208PAC004,C25UG208CCA005,C25UG208BIC004,C25UG208CDF006,C25UG208CLT004,C25UG208AID004,C25UG208CSC005,C25UG208AML004,C25UG208CCS004,C25UG208DAS004,C25UG208INT004,C25UG208MIB004,C25UG208TFD005,C25UG208VCN005,C25PG208MIB004,C25PG208COM004,C25PG208CSC009,C25PG208ENG004,C25PG208TFD004,C25PG208SOW004
C25UG208TAM005,C25UG208ENG006,C25UG208BAD005,C25UG208CAP005,C25UG208COM005,C25UG208ACF005,C25UG208CIT005,C25UG208PAC006,C25UG208CCA006,C25UG208BIC005,C25UG208CDF007,C25UG208CLT005,C25UG208AID005,C25UG208CSC006,C25UG208AML005,C25UG208CCS005,C25UG208DAS005,C25UG208INT005,C25UG208MIB005,C25UG208TFD006,C25UG208VCN006,C25PG208MIB005,C25PG208COM005,C25PG208CSC011,C25PG208ENG005,C25PG208TFD005,C25PG208SOW005
C25UG208TAM006,C25UG208ENG007,C25UG208BAD006,C25UG208CAP006,C25UG208COM006,C25UG208ACF006,C25UG208CIT006,C25UG208PAC007,C25UG208CCA008,C25UG208BIC006,C25UG208CDF008,C25UG208CLT006,C25UG208AID006,C25UG208CSC007,C25UG208AML006,C25UG208CCS006,C25UG208DAS006,C25UG208INT006,C25UG208MIB006,C25UG208TFD007,C25UG208VCN007,C25PG208MIB006,C25PG208COM006,C25PG208CSC013,C25PG208ENG006,C25PG208TFD006,C25PG208SOW007
C25UG208TAM007,C25UG208ENG008,C25UG208BAD007,C25UG208CAP007,C25UG208COM007,C25UG208ACF007,C25UG208CIT007,C25UG208PAC008,C25UG208CCA009,C25UG208BIC007,C25UG208CDF009,C25UG208CLT007,C25UG208AID007,C25UG208CSC008,C25UG208AML007,C25UG208CCS007,C25UG208DAS007,C25UG208INT007,C25UG208MIB007,C25UG208TFD009,C25UG208VCN008,C25PG208MIB007,C25PG208COM007,C25PG208CSC014,C25PG208ENG007,C25PG208TFD007,C25PG208SOW008
C25UG208TAM008,C25UG208ENG009,C25UG208BAD008,C25UG208CAP008,C25UG208COM008,C25UG208ACF008,C25UG208CIT008,C25UG208PAC009,C25UG208CCA010,C25UG208BIC008,C25UG208CDF010,C25UG208CLT008,C25UG208AID008,C25UG208CSC009,C25UG208AML008,C25UG208CCS008,C25UG208DAS008,C25UG208INT008,C25UG208MIB008,C25UG208TFD011,C25UG208VCN009,C25PG208MIB008,C25PG208COM008,C25PG208CSC016,C25PG208ENG008,C25PG208TFD008,C25PG208SOW009
C25UG208TAM009,C25UG208ENG010,C25UG208BAD009,C25UG208CAP009,C25UG208COM009,C25UG208ACF009,C25UG208CIT009,C25UG208PAC010,C25UG208CCA011,C25UG208BIC009,C25UG208CDF012,C25UG208CLT009,C25UG208AID009,C25UG208CSC010,C25UG208AML009,C25UG208CCS009,C25UG208DAS009,C25UG208INT009,C25UG208MIB009,C25UG208TFD013,C25UG208VCN011,C25PG208MIB009,C25PG208COM010,,C25PG208ENG009,C25PG208TFD009,C25PG208SOW010
C25UG208TAM010,C25UG208ENG011,C25UG208BAD010,C25UG208CAP010,C25UG208COM010,C25UG208ACF010,C25UG208CIT010,C25UG208PAC011,C25UG208CCA012,C25UG208BIC010,C25UG208CDF013,C25UG208CLT011,C25UG208AID010,C25UG208CSC011,C25UG208AML010,C25UG208CCS010,C25UG208DAS010,C25UG208INT010,C25UG208MIB010,C25UG208TFD015,C25UG208VCN012,C25PG208MIB010,C25PG208COM011,,,C25PG208TFD010,
C25UG208TAM011,C25UG208ENG012,C25UG208BAD011,C25UG208CAP011,C25UG208COM011,C25UG208ACF011,C25UG208CIT011,C25UG208PAC012,C25UG208CCA013,C25UG208BIC011,C25UG208CDF014,C25UG208CLT012,C25UG208AID012,C25UG208CSC012,C25UG208AML011,C25UG208CCS011,C25UG208DAS011,C25UG208INT011,C25UG208MIB011,C25UG208TFD016,C25UG208VCN013,C25PG208MIB011,C25PG208COM012,,,,
C25UG208TAM012,C25UG208ENG013,C25UG208BAD012,C25UG208CAP012,C25UG208COM012,C25UG208ACF012,C25UG208CIT012,C25UG208PAC013,C25UG208CCA014,C25UG208BIC012,C25UG208CDF015,C25UG208CLT013,C25UG208AID013,C25UG208CSC013,C25UG208AML012,C25UG208CCS012,C25UG208DAS012,C25UG208INT012,C25UG208MIB012,C25UG208TFD017,C25UG208VCN014,C25PG208MIB012,C25PG208COM013,,,,
C25UG208TAM013,C25UG208ENG015,C25UG208BAD013,C25UG208CAP013,C25UG208COM013,C25UG208ACF013,C25UG208CIT013,C25UG208PAC014,C25UG208CCA015,C25UG208BIC013,C25UG208CDF016,C25UG208CLT014,C25UG208AID014,C25UG208CSC014,C25UG208AML013,C25UG208CCS013,C25UG208DAS013,C25UG208INT013,C25UG208MIB013,C25UG208TFD018,C25UG208VCN015,C25PG208MIB013,,,,,
C25UG208TAM014,C25UG208ENG016,C25UG208BAD014,C25UG208CAP014,C25UG208COM014,C25UG208ACF014,C25UG208CIT014,C25UG208PAC016,C25UG208CCA016,C25UG208BIC014,C25UG208CDF017,C25UG208CLT015,C25UG208AID015,C25UG208CSC015,C25UG208AML014,C25UG208CCS014,C25UG208DAS014,C25UG208INT014,C25UG208MIB014,,C25UG208VCN016,C25PG208MIB014,,,,,
C25UG208TAM015,C25UG208ENG017,C25UG208BAD015,C25UG208CAP015,C25UG208COM015,C25UG208ACF015,C25UG208CIT015,C25UG208PAC017,C25UG208CCA017,C25UG208BIC015,C25UG208CDF019,,C25UG208AID016,C25UG208CSC016,C25UG208AML015,C25UG208CCS015,,C25UG208INT015,C25UG208MIB015,,C25UG208VCN017,C25PG208MIB015,,,,,
C25UG208TAM016,,C25UG208BAD016,C25UG208CAP016,C25UG208COM016,C25UG208ACF016,C25UG208CIT016,C25UG208PAC018,C25UG208CCA018,C25UG208BIC016,C25UG208CDF020,,C25UG208AID017,C25UG208CSC017,C25UG208AML016,C25UG208CCS016,,C25UG208INT016,C25UG208MIB016,,C25UG208VCN018,C25PG208MIB016,,,,,
C25UG208TAM017,,C25UG208BAD017,C25UG208CAP017,C25UG208COM017,C25UG208ACF017,C25UG208CIT017,C25UG208PAC019,C25UG208CCA019,C25UG208BIC017,C25UG208CDF021,,C25UG208AID018,C25UG208CSC018,C25UG208AML017,C25UG208CCS018,,C25UG208INT017,C25UG208MIB017,,C25UG208VCN019,C25PG208MIB017,,,,,
C25UG208TAM018,,C25UG208BAD018,C25UG208CAP018,C25UG208COM018,C25UG208ACF018,C25UG208CIT018,C25UG208PAC020,C25UG208CCA020,C25UG208BIC018,C25UG208CDF022,,C25UG208AID019,C25UG208CSC019,C25UG208AML018,C25UG208CCS019,,C25UG208INT018,C25UG208MIB018,,C25UG208VCN020,C25PG208MIB018,,,,,
C25UG208TAM019,,C25UG208BAD019,C25UG208CAP019,C25UG208COM019,C25UG208ACF019,C25UG208CIT019,C25UG208PAC021,C25UG208CCA021,C25UG208BIC019,,,C25UG208AID020,C25UG208CSC020,C25UG208AML019,C25UG208CCS021,,C25UG208INT019,C25UG208MIB019,,C25UG208VCN021,C25PG208MIB019,,,,,
C25UG208TAM021,,C25UG208BAD020,C25UG208CAP020,C25UG208COM020,C25UG208ACF020,C25UG208CIT020,C25UG208PAC022,C25UG208CCA022,C25UG208BIC020,,,C25UG208AID021,C25UG208CSC021,C25UG208AML020,C25UG208CCS022,,C25UG208INT020,C25UG208MIB020,,C25UG208VCN022,C25PG208MIB020,,,,,
C25UG208TAM022,,C25UG208BAD021,C25UG208CAP021,C25UG208COM021,C25UG208ACF021,C25UG208CIT021,C25UG208PAC023,C25UG208CCA023,C25UG208BIC021,,,C25UG208AID022,C25UG208CSC022,C25UG208AML021,C25UG208CCS023,,C25UG208INT021,C25UG208MIB021,,C25UG208VCN023,C25PG208MIB021,,,,,
C25UG208TAM023,,C25UG208BAD022,C25UG208CAP022,C25UG208COM022,C25UG208ACF022,C25UG208CIT022,C25UG208PAC024,C25UG208CCA024,C25UG208BIC022,,,C25UG208AID023,C25UG208CSC023,C25UG208AML022,C25UG208CCS024,,C25UG208INT022,C25UG208MIB022,,C25UG208VCN026,C25PG208MIB022,,,,,
C25UG208TAM024,,C25UG208BAD023,C25UG208CAP023,C25UG208COM023,C25UG208ACF023,C25UG208CIT023,C25UG208PAC025,C25UG208CCA025,,,,C25UG208AID024,C25UG208CSC024,C25UG208AML023,C25UG208CCS025,,C25UG208INT023,C25UG208MIB023,,C25UG208VCN027,C25PG208MIB023,,,,,
C25UG208TAM025,,C25UG208BAD024,C25UG208CAP024,C25UG208COM025,C25UG208ACF024,C25UG208CIT024,C25UG208PAC026,C25UG208CCA026,,,,C25UG208AID025,C25UG208CSC025,C25UG208AML024,C25UG208CCS027,,C25UG208INT024,C25UG208MIB024,,C25UG208VCN028,C25PG208MIB024,,,,,
,,C25UG208BAD025,C25UG208CAP025,C25UG208COM026,C25UG208ACF025,C25UG208CIT025,,C25UG208CCA027,,,,C25UG208AID026,C25UG208CSC026,C25UG208AML025,C25UG208CCS028,,C25UG208INT025,C25UG208MIB025,,C25UG208VCN029,C25PG208MIB025,,,,,
,,C25UG208BAD026,C25UG208CAP026,C25UG208COM027,C25UG208ACF026,C25UG208CIT026,,C25UG208CCA029,,,,C25UG208AID027,C25UG208CSC028,C25UG208AML026,C25UG208CCS029,,C25UG208INT026,C25UG208MIB026,,C25UG208VCN030,C25PG208MIB026,,,,,
,,C25UG208BAD027,C25UG208CAP027,C25UG208COM028,C25UG208ACF027,C25UG208CIT027,,C25UG208CCA031,,,,C25UG208AID028,C25UG208CSC029,C25UG208AML027,C25UG208CCS030,,C25UG208INT027,C25UG208MIB027,,,C25PG208MIB027,,,,,
,,C25UG208BAD028,C25UG208CAP028,C25UG208COM029,C25UG208ACF028,C25UG208CIT028,,C25UG208CCA032,,,,C25UG208AID029,C25UG208CSC030,C25UG208AML028,C25UG208CCS031,,C25UG208INT028,C25UG208MIB028,,,C25PG208MIB028,,,,,
,,C25UG208BAD029,C25UG208CAP029,C25UG208COM030,C25UG208ACF029,C25UG208CIT029,,C25UG208CCA033,,,,C25UG208AID031,C25UG208CSC031,,C25UG208CCS032,,C25UG208INT029,C25UG208MIB029,,,C25PG208MIB029,,,,,
,,C25UG208BAD030,C25UG208CAP030,C25UG208COM031,C25UG208ACF030,C25UG208CIT030,,C25UG208CCA034,,,,C25UG208AID032,C25UG208CSC032,,C25UG208CCS033,,C25UG208INT030,C25UG208MIB030,,,C25PG208MIB030,,,,,
,,C25UG208BAD031,C25UG208CAP031,C25UG208COM032,C25UG208ACF031,C25UG208CIT031,,C25UG208CCA035,,,,C25UG208AID033,C25UG208CSC033,,C25UG208CCS034,,C25UG208INT031,C25UG208MIB031,,,C25PG208MIB031,,,,,
,,C25UG208BAD032,C25UG208CAP032,C25UG208COM033,C25UG208ACF032,C25UG208CIT032,,C25UG208CCA036,,,,C25UG208AID034,C25UG208CSC034,,C25UG208CCS037,,C25UG208INT032,C25UG208MIB032,,,C25PG208MIB032,,,,,
,,C25UG208BAD033,C25UG208CAP034,C25UG208COM034,C25UG208ACF033,C25UG208CIT033,,C25UG208CCA037,,,,C25UG208AID035,C25UG208CSC035,,,,C25UG208INT033,C25UG208MIB033,,,C25PG208MIB033,,,,,
,,C25UG208BAD034,C25UG208CAP035,C25UG208COM035,C25UG208ACF034,C25UG208CIT034,,C25UG208CCA038,,,,C25UG208AID036,C25UG208CSC036,,,,C25UG208INT034,C25UG208MIB034,,,,,,,,
,,C25UG208BAD035,C25UG208CAP036,C25UG208COM036,C25UG208ACF035,C25UG208CIT035,,C25UG208CCA039,,,,C25UG208AID037,C25UG208CSC037,,,,C25UG208INT035,C25UG208MIB035,,,,,,,,
,,C25UG208BAD036,C25UG208CAP037,C25UG208COM037,C25UG208ACF036,C25UG208CIT036,,C25UG208CCA040,,,,C25UG208AID038,C25UG208CSC038,,,,C25UG208INT036,C25UG208MIB036,,,,,,,,
,,C25UG208BAD037,C25UG208CAP038,C25UG208COM038,,C25UG208CIT037,,C25UG208CCA041,,,,C25UG208AID039,C25UG208CSC039,,,,C25UG208INT037,C25UG208MIB037,,,,,,,,
,,C25UG208BAD038,C25UG208CAP039,C25UG208COM039,,C25UG208CIT038,,C25UG208CCA042,,,,C25UG208AID040,C25UG208CSC040,,,,C25UG208INT039,C25UG208MIB038,,,,,,,,
,,C25UG208BAD039,C25UG208CAP040,C25UG208COM040,,C25UG208CIT039,,C25UG208CCA043,,,,C25UG208AID041,C25UG208CSC041,,,,C25UG208INT040,C25UG208MIB039,,,,,,,,
,,C25UG208BAD040,C25UG208CAP041,C25UG208COM041,,C25UG208CIT040,,C25UG208CCA044,,,,C25UG208AID042,C25UG208CSC042,,,,C25UG208INT041,C25UG208MIB040,,,,,,,,
,,C25UG208BAD041,C25UG208CAP042,C25UG208COM042,,C25UG208CIT041,,C25UG208CCA045,,,,C25UG208AID043,C25UG208CSC043,,,,C25UG208INT042,C25UG208MIB041,,,,,,,,
,,C25UG208BAD042,C25UG208CAP043,C25UG208COM043,,C25UG208CIT042,,C25UG208CCA046,,,,C25UG208AID044,C25UG208CSC044,,,,C25UG208INT043,C25UG208MIB042,,,,,,,,
,,C25UG208BAD043,C25UG208CAP044,C25UG208COM044,,C25UG208CIT043,,C25UG208CCA047,,,,C25UG208AID045,C25UG208CSC045,,,,C25UG208INT045,C25UG208MIB043,,,,,,,,
,,C25UG208BAD044,C25UG208CAP045,C25UG208COM045,,C25UG208CIT044,,C25UG208CCA048,,,,C25UG208AID046,C25UG208CSC046,,,,C25UG208INT046,C25UG208MIB044,,,,,,,,
,,C25UG208BAD045,C25UG208CAP046,C25UG208COM046,,C25UG208CIT045,,C25UG208CCA049,,,,C25UG208AID047,C25UG208CSC047,,,,C25UG208INT048,C25UG208MIB045,,,,,,,,
,,C25UG208BAD046,C25UG208CAP047,C25UG208COM047,,C25UG208CIT046,,C25UG208CCA050,,,,C25UG208AID048,C25UG208CSC048,,,,C25UG208INT049,C25UG208MIB046,,,,,,,,
,,C25UG208BAD047,C25UG208CAP048,C25UG208COM048,,C25UG208CIT047,,C25UG208CCA051,,,,C25UG208AID049,C25UG208CSC049,,,,C25UG208INT050,C25UG208MIB047,,,,,,,,
,,C25UG208BAD048,C25UG208CAP049,C25UG208COM049,,C25UG208CIT048,,C25UG208CCA052,,,,C25UG208AID050,C25UG208CSC050,,,,C25UG208INT051,C25UG208MIB048,,,,,,,,
,,C25UG208BAD049,C25UG208CAP050,C25UG208COM050,,C25UG208CIT049,,C25UG208CCA053,,,,C25UG208AID051,C25UG208CSC051,,,,C25UG208INT052,C25UG208MIB049,,,,,,,,
,,C25UG208BAD050,C25UG208CAP051,C25UG208COM051,,C25UG208CIT050,,C25UG208CCA054,,,,C25UG208AID052,C25UG208CSC052,,,,C25UG208INT053,C25UG208MIB050,,,,,,,,
,,C25UG208BAD051,C25UG208CAP052,C25UG208COM052,,C25UG208CIT051,,C25UG208CCA055,,,,C25UG208AID053,C25UG208CSC053,,,,C25UG208INT054,C25UG208MIB051,,,,,,,,
,,C25UG208BAD053,C25UG208CAP053,C25UG208COM053,,C25UG208CIT052,,C25UG208CCA056,,,,C25UG208AID054,C25UG208CSC054,,,,C25UG208INT055,C25UG208MIB052,,,,,,,,
,,C25UG208BAD054,C25UG208CAP054,C25UG208COM054,,C25UG208CIT053,,C25UG208CCA057,,,,C25UG208AID055,C25UG208CSC055,,,,C25UG208INT056,C25UG208MIB053,,,,,,,,
,,C25UG208BAD055,C25UG208CAP055,C25UG208COM055,,C25UG208CIT054,,C25UG208CCA058,,,,C25UG208AID056,C25UG208CSC056,,,,,C25UG208MIB054,,,,,,,,
,,C25UG208BAD056,C25UG208CAP056,C25UG208COM056,,C25UG208CIT055,,C25UG208CCA059,,,,C25UG208AID057,C25UG208CSC057,,,,,C25UG208MIB055,,,,,,,,
,,C25UG208BAD057,C25UG208CAP057,C25UG208COM057,,C25UG208CIT056,,C25UG208CCA060,,,,C25UG208AID058,C25UG208CSC058,,,,,C25UG208MIB056,,,,,,,,
,,C25UG208BAD058,C25UG208CAP058,C25UG208COM058,,C25UG208CIT057,,C25UG208CCA061,,,,C25UG208AID059,C25UG208CSC059,,,,,C25UG208MIB057,,,,,,,,
,,C25UG208BAD059,C25UG208CAP059,C25UG208COM060,,C25UG208CIT058,,C25UG208CCA062,,,,C25UG208AID060,C25UG208CSC060,,,,,C25UG208MIB058,,,,,,,,
,,C25UG208BAD060,C25UG208CAP060,C25UG208COM061,,C25UG208CIT059,,C25UG208CCA063,,,,C25UG208AID061,C25UG208CSC061,,,,,C25UG208MIB059,,,,,,,,
,,C25UG208BAD061,C25UG208CAP061,C25UG208COM062,,C25UG208CIT060,,C25UG208CCA064,,,,C25UG208AID062,C25UG208CSC062,,,,,C25UG208MIB060,,,,,,,,
,,C25UG208BAD062,C25UG208CAP062,C25UG208COM063,,C25UG208CIT062,,C25UG208CCA065,,,,C25UG208AID063,C25UG208CSC063,,,,,C25UG208MIB061,,,,,,,,
,,C25UG208BAD063,C25UG208CAP063,C25UG208COM064,,C25UG208CIT063,,C25UG208CCA066,,,,C25UG208AID064,C25UG208CSC064,,,,,,,,,,,,,
,,C25UG208BAD065,C25UG208CAP064,C25UG208COM065,,C25UG208CIT064,,C25UG208CCA067,,,,C25UG208AID065,C25UG208CSC065,,,,,,,,,,,,,
,,C25UG208BAD066,C25UG208CAP065,C25UG208COM066,,C25UG208CIT065,,C25UG208CCA068,,,,C25UG208AID066,C25UG208CSC066,,,,,,,,,,,,,
,,C25UG208BAD067,C25UG208CAP066,C25UG208COM067,,,,C25UG208CCA069,,,,C25UG208AID067,C25UG208CSC067,,,,,,,,,,,,,
,,C25UG208BAD068,C25UG208CAP067,C25UG208COM068,,,,C25UG208CCA070,,,,C25UG208AID069,C25UG208CSC068,,,,,,,,,,,,,
,,C25UG208BAD069,C25UG208CAP068,C25UG208COM069,,,,C25UG208CCA071,,,,C25UG208AID070,C25UG208CSC069,,,,,,,,,,,,,
,,C25UG208BAD070,C25UG208CAP069,C25UG208COM070,,,,C25UG208CCA072,,,,C25UG208AID071,C25UG208CSC070,,,,,,,,,,,,,
,,C25UG208BAD071,C25UG208CAP070,C25UG208COM071,,,,C25UG208CCA073,,,,C25UG208AID072,C25UG208CSC071,,,,,,,,,,,,,
,,C25UG208BAD072,C25UG208CAP071,C25UG208COM072,,,,C25UG208CCA074,,,,C25UG208AID073,C25UG208CSC072,,,,,,,,,,,,,
,,C25UG208BAD073,C25UG208CAP072,C25UG208COM073,,,,C25UG208CCA075,,,,C25UG208AID074,C25UG208CSC073,,,,,,,,,,,,,
,,C25UG208BAD075,C25UG208CAP073,C25UG208COM075,,,,C25UG208CCA076,,,,C25UG208AID075,C25UG208CSC074,,,,,,,,,,,,,
,,C25UG208BAD076,C25UG208CAP074,C25UG208COM076,,,,C25UG208CCA077,,,,C25UG208AID076,C25UG208CSC075,,,,,,,,,,,,,
,,C25UG208BAD077,C25UG208CAP075,C25UG208COM077,,,,C25UG208CCA078,,,,C25UG208AID077,C25UG208CSC076,,,,,,,,,,,,,
,,C25UG208BAD078,C25UG208CAP076,C25UG208COM078,,,,C25UG208CCA079,,,,C25UG208AID078,C25UG208CSC077,,,,,,,,,,,,,
,,C25UG208BAD079,C25UG208CAP077,C25UG208COM080,,,,C25UG208CCA080,,,,C25UG208AID079,C25UG208CSC078,,,,,,,,,,,,,
,,C25UG208BAD080,C25UG208CAP078,C25UG208COM081,,,,C25UG208CCA081,,,,C25UG208AID080,C25UG208CSC079,,,,,,,,,,,,,
,,C25UG208BAD081,C25UG208CAP079,C25UG208COM082,,,,C25UG208CCA083,,,,C25UG208AID081,C25UG208CSC080,,,,,,,,,,,,,
,,C25UG208BAD082,C25UG208CAP080,C25UG208COM083,,,,C25UG208CCA084,,,,C25UG208AID082,C25UG208CSC081,,,,,,,,,,,,,
,,C25UG208BAD084,C25UG208CAP081,C25UG208COM084,,,,C25UG208CCA085,,,,C25UG208AID083,C25UG208CSC082,,,,,,,,,,,,,
,,C25UG208BAD085,C25UG208CAP082,C25UG208COM085,,,,C25UG208CCA086,,,,C25UG208AID084,C25UG208CSC083,,,,,,,,,,,,,
,,C25UG208BAD086,C25UG208CAP083,C25UG208COM086,,,,C25UG208CCA087,,,,C25UG208AID085,C25UG208CSC084,,,,,,,,,,,,,
,,C25UG208BAD090,C25UG208CAP084,C25UG208COM087,,,,C25UG208CCA088,,,,,C25UG208CSC086,,,,,,,,,,,,,
,,C25UG208BAD091,C25UG208CAP085,C25UG208COM088,,,,C25UG208CCA089,,,,,C25UG208CSC087,,,,,,,,,,,,,
,,C25UG208BAD092,C25UG208CAP086,C25UG208COM089,,,,C25UG208CCA090,,,,,C25UG208CSC088,,,,,,,,,,,,,
,,C25UG208BAD093,,C25UG208COM090,,,,C25UG208CCA091,,,,,,,,,,,,,,,,,,
,,C25UG208BAD094,,C25UG208COM091,,,,C25UG208CCA092,,,,,,,,,,,,,,,,,,
,,C25UG208BAD095,,C25UG208COM092,,,,C25UG208CCA093,,,,,,,,,,,,,,,,,,
,,C25UG208BAD096,,C25UG208COM093,,,,C25UG208CCA094,,,,,,,,,,,,,,,,,,
,,C25UG208BAD097,,C25UG208COM094,,,,C25UG208CCA095,,,,,,,,,,,,,,,,,,
,,C25UG208BAD098,,C25UG208COM095,,,,C25UG208CCA096,,,,,,,,,,,,,,,,,,
,,C25UG208BAD099,,C25UG208COM096,,,,C25UG208CCA097,,,,,,,,,,,,,,,,,,
,,C25UG208BAD100,,,,,,C25UG208CCA098,,,,,,,,,,,,,,,,,,
,,C25UG208BAD101,,,,,,C25UG208CCA099,,,,,,,,,,,,,,,,,,
,,C25UG208BAD102,,,,,,C25UG208CCA100,,,,,,,,,,,,,,,,,,
,,C25UG208BAD103,,,,,,C25UG208CCA101,,,,,,,,,,,,,,,,,,
,,C25UG208BAD104,,,,,,C25UG208CCA102,,,,,,,,,,,,,,,,,,
,,C25UG208BAD105,,,,,,C25UG208CCA103,,,,,,,,,,,,,,,,,,
,,C25UG208BAD106,,,,,,C25UG208CCA104,,,,,,,,,,,,,,,,,,
,,C25UG208BAD107,,,,,,C25UG208CCA105,,,,,,,,,,,,,,,,,,
,,C25UG208BAD108,,,,,,C25UG208CCA106,,,,,,,,,,,,,,,,,,
,,C25UG208BAD109,,,,,,C25UG208CCA107,,,,,,,,,,,,,,,,,,
,,C25UG208BAD110,,,,,,C25UG208CCA108,,,,,,,,,,,,,,,,,,
,,C25UG208BAD111,,,,,,C25UG208CCA109,,,,,,,,,,,,,,,,,,
,,C25UG208BAD112,,,,,,C25UG208CCA110,,,,,,,,,,,,,,,,,,
,,C25UG208BAD113,,,,,,C25UG208CCA111,,,,,,,,,,,,,,,,,,
,,C25UG208BAD115,,,,,,C25UG208CCA112,,,,,,,,,,,,,,,,,,
,,C25UG208BAD116,,,,,,C25UG208CCA113,,,,,,,,,,,,,,,,,,
,,C25UG208BAD117,,,,,,C25UG208CCA114,,,,,,,,,,,,,,,,,,
,,C25UG208BAD118,,,,,,C25UG208CCA115,,,,,,,,,,,,,,,,,,
,,C25UG208BAD119,,,,,,C25UG208CCA116,,,,,,,,,,,,,,,,,,
,,C25UG208BAD120,,,,,,C25UG208CCA117,,,,,,,,,,,,,,,,,,
,,C25UG208BAD122,,,,,,C25UG208CCA118,,,,,,,,,,,,,,,,,,
,,C25UG208BAD123,,,,,,C25UG208CCA119,,,,,,,,,,,,,,,,,,
,,C25UG208BAD124,,,,,,C25UG208CCA120,,,,,,,,,,,,,,,,,,
,,C25UG208BAD126,,,,,,C25UG208CCA121,,,,,,,,,,,,,,,,,,
,,,,,,,,C25UG208CCA122,,,,,,,,,,,,,,,,,,
,,,,,,,,C25UG208CCA123,,,,,,,,,,,,,,,,,,
,,,,,,,,C25UG208CCA124,,,,,,,,,,,,,,,,,,
,,,,,,,,C25UG208CCA125,,,,,,,,,,,,,,,,,,
,,,,,,,,C25UG208CCA126,,,,,,,,,,,,,,,,,,
,,,,,,,,C25UG208CCA127,,,,,,,,,,,,,,,,,,
,,,,,,,,C25UG208CCA128,,,,,,,,,,,,,,,,,,
,,,,,,,,C25UG208CCA129,,,,,,,,,,,,,,,,,,
,,,,,,,,C25UG208CCA130,,,,,,,,,,,,,,,,,,
,,,,,,,,C25UG208CCA131,,,,,,,,,,,,,,,,,,
,,,,,,,,C25UG208CCA132,,,,,,,,,,,,,,,,,,
,,,,,,,,C25UG208CCA133,,,,,,,,,,,,,,,,,,
,,,,,,,,C25UG208CCA134,,,,,,,,,,,,,,,,,,
,,,,,,,,C25UG208CCA135,,,,,,,,,,,,,,,,,,
,,,,,,,,C25UG208CCA136,,,,,,,,,,,,,,,,,,
,,,,,,,,C25UG208CCA137,,,,,,,,,,,,,,,,,,
,,,,,,,,C25UG208CCA138,,,,,,,,,,,,,,,,,,
,,,,,,,,C25UG208CCA139,,,,,,,,,,,,,,,,,,
,,,,,,,,C25UG208CCA140,,,,,,,,,,,,,,,,,,
,,,,,,,,C25UG208CCA141,,,,,,,,,,,,,,,,,,
,,,,,,,,C25UG208CCA142,,,,,,,,,,,,,,,,,,
,,,,,,,,C25UG208CCA144,,,,,,,,,,,,,,,,,,
,,,,,,,,C25UG208CCA145,,,,,,,,,,,,,,,,,,
,,,,,,,,C25UG208CCA146,,,,,,,,,,,,,,,,,,
,,,,,,,,C25UG208CCA147,,,,,,,,,,,,,,,,,,
,,,,,,,,C25UG208CCA148,,,,,,,,,,,,,,,,,,
,,,,,,,,C25UG208CCA149,,,,,,,,,,,,,,,,,,
,,,,,,,,C25UG208CCA150,,,,,,,,,,,,,,,,,,
,,,,,,,,C25UG208CCA151,,,,,,,,,,,,,,,,,,
,,,,,,,,C25UG208CCA152,,,,,,,,,,,,,,,,,,
,,,,,,,,C25UG208CCA153,,,,,,,,,,,,,,,,,,
,,,,,,,,C25UG208CCA154,,,,,,,,,,,,,,,,,,
,,,,,,,,C25UG208CCA155,,,,,,,,,,,,,,,,,,
,,,,,,,,C25UG208CCA156,,,,,,,,,,,,,,,,,,
,,,,,,,,C25UG208CCA157,,,,,,,,,,,,,,,,,,
,,,,,,,,C25UG208CCA158,,,,,,,,,,,,,,,,,,
,,,,,,,,C25UG208CCA159,,,,,,,,,,,,,,,,,,
,,,,,,,,C25UG208CCA160,,,,,,,,,,,,,,,,,,
,,,,,,,,C25UG208CCA161,,,,,,,,,,,,,,,,,,
,,,,,,,,C25UG208CCA162,,,,,,,,,,,,,,,,,,
,,,,,,,,C25UG208CCA163,,,,,,,,,,,,,,,,,,
,,,,,,,,C25UG208CCA164,,,,,,,,,,,,,,,,,,
,,,,,,,,C25UG208CCA165,,,,,,,,,,,,,,,,,,
,,,,,,,,C25UG208CCA166,,,,,,,,,,,,,,,,,,
,,,,,,,,C25UG208CCA167,,,,,,,,,,,,,,,,,,
,,,,,,,,C25UG208CCA168,,,,,,,,,,,,,,,,,,
,,,,,,,,C25UG208CCA169,,,,,,,,,,,,,,,,,,
,,,,,,,,C25UG208CCA170,,,,,,,,,,,,,,,,,,
,,,,,,,,C25UG208CCA171,,,,,,,,,,,,,,,,,,
,,,,,,,,C25UG208CCA172,,,,,,,,,,,,,,,,,,
,,,,,,,,C25UG208CCA173,,,,,,,,,,,,,,,,,,
,,,,,,,,C25UG208CCA174,,,,,,,,,,,,,,,,,,
,,,,,,,,C25UG208CCA175,,,,,,,,,,,,,,,,,,
,,,,,,,,C25UG208CCA176,,,,,,,,,,,,,,,,,,
,,,,,,,,C25UG208CCA177,,,,,,,,,,,,,,,,,,
,,,,,,,,C25UG208CCA178,,,,,,,,,,,,,,,,,,
,,,,,,,,C25UG208CCA179,,,,,,,,,,,,,,,,,,
,,,,,,,,C25UG208CCA180,,,,,,,,,,,,,,,,,,
,,,,,,,,C25UG208CCA181,,,,,,,,,,,,,,,,,,
,,,,,,,,C25UG208CCA182,,,,,,,,,,,,,,,,,,
,,,,,,,,C25UG208CCA183,,,,,,,,,,,,,,,,,,
,,,,,,,,C25UG208CCA184,,,,,,,,,,,,,,,,,,
,,,,,,,,C25UG208CCA185,,,,,,,,,,,,,,,,,,
,,,,,,,,C25UG208CCA186,,,,,,,,,,,,,,,,,,
,,,,,,,,C25UG208CCA187,,,,,,,,,,,,,,,,,,
,,,,,,,,C25UG208CCA188,,,,,,,,,,,,,,,,,,
,,,,,,,,C25UG208CCA189,,,,,,,,,,,,,,,,,,
,,,,,,,,C25UG208CCA190,,,,,,,,,,,,,,,,,,
,,,,,,,,C25UG208CCA191,,,,,,,,,,,,,,,,,,
,,,,,,,,C25UG208CCA192,,,,,,,,,,,,,,,,,,
,,,,,,,,C25UG208CCA193,,,,,,,,,,,,,,,,,,
,,,,,,,,C25UG208CCA194,,,,,,,,,,,,,,,,,,
,,,,,,,,C25UG208CCA195,,,,,,,,,,,,,,,,,,
,,,,,,,,C25UG208CCA196,,,,,,,,,,,,,,,,,,
,,,,,,,,C25UG208CCA197,,,,,,,,,,,,,,,,,,
,,,,,,,,C25UG208CCA198,,,,,,,,,,,,,,,,,,
