S.NO,YEAR,SEM,PAPER CODE,DEPARTMENT,TITLE OF THE PAPER,STR,EXAM DATE,SESSION
1,I,II,24UFTA02,B.A TAMIL,GENERAL TAMIL II,24,10.02.2026,FN
2,I,II,24UFEN02,B.A TAMIL,GENERAL ENGLISH II,24,10.02.2026,AN
3,I,II,23UTA03,B.A TAMIL,ARA ILAKKIYAM,24,11.02.2026,FN
4,I,II,23UTA04,B.A TAMIL,TAMIL ILAKKIYA VARALARU,24,11.02.2026,AN
5,I,II,23UTAE02,B.A TAMIL,NATTAR MARABHUGAL,24,12.02.2026,FN
6,I,II,23UTAS01,B.A TAMIL,ETHALIYAL,24,12.02.2026,AN
7,I,II,25UDM01,B.A TAMIL,DISASTER MANAGEMENT,24,13.02.2026,FN
8,I,II,23UHIN02,B.A TAMIL,BASIC JOURNALISM,24,13.02.2026,AN
9,II,IV,24UFTA04,B.A TAMIL,GENERAL TAMIL IV,21,10.02.2026,FN
10,II,IV,24UFEN04,B.A TAMIL,GENERAL ENGLISH IV,21,10.02.2026,AN
11,II,IV,23UTA07,B.A TAMIL,BAKTHI ILAKKIYAM,21,11.02.2026,FN
12,II,IV,23UTA08,B.A TAMIL,NANNOOL (SOL),21,11.02.2026,AN
13,II,IV,23UTAE04,B.A TAMIL,KOVIR KALAI,21,12.02.2026,FN
14,II,IV,23UTAS04,B.A TAMIL,AGARATHIYAL,21,12.02.2026,AN
15,II,IV,23UES01,B.A TAMIL,ENVIRONMENTAL STUDIES,21,13.02.2026,AN
16,III,VI,23UTA13,B.A TAMIL,SANGA ILAKKIYAN 2(PURAM),26,10.02.2026,FN
17,III,VI,23UTA14,B.A TAMIL,"ILAKANAM - YAPPUM,ANIYUM",26,10.02.2026,AN
18,III,VI,23UTA15,B.A TAMIL,ILAKIYA THIRANIVU,26,11.02.2026,FN
19,III,VI,23UTAE07,B.A TAMIL,NADAGAVIYAL,26,11.02.2026,AN
20,III,VI,23UTAE08,B.A TAMIL,SEMMOZHI TAMIL,26,12.02.2026,FN
21,III,VI,23UTAS06,B.A TAMIL,POTTI THERVUGALUKANA TAMIL ILAKKIYA VARALARU,26,12.02.2026,AN
22,I,II,24UFTA02,B.A ENGLISH,GENERAL TAMIL II,15,10.02.2026,FN
23,I,II,24UFEN02,B.A ENGLISH,GENERAL ENGLISH II,15,10.02.2026,AN
24,I,II,24UEN03,B.A ENGLISH,BRITISH LITERATURE-I,15,11.02.2026,FN
25,I,II,24UEN04,B.A ENGLISH,AMERICAN LITERATURE,15,11.02.2026,AN
26,I,II,24UENA02,B.A ENGLISH,SOCIAL HISTORY OF ENGLAND-II,15,12.02.2026,FN
27,I,II,24UENS01,B.A ENGLISH,SEC-DIGITAL LITERACY AND CONCEPTS,15,12.02.2026,AN
28,I,II,25UDM01,B.A ENGLISH,DISASTER MANAGEMENT,15,13.02.2026,FN
29,I,II,23UTAN02,B.A ENGLISH,NME-PAYANMURAI  TAMIL,15,13.02.2026,AN
30,III,VI,23UEN13,B.A ENGLISH,LITERARY CRITICISM ,15,10.02.2026,FN
31,III,VI,23UEN14,B.A ENGLISH,"BIOGRAPHIES, AUTOBIOGRAPHIES AND MEMORIES",15,10.02.2026,AN
32,III,VI,23UEN15,B.A ENGLISH,SHAKESPEARE STUDIES,15,11.02.2026,FN
33,III,VI,23 UENE04,B.A ENGLISH,COMMUNICATIVE  ENGLISH ,15,11.02.2026,AN
34,III,VI,23UENE05,B.A ENGLISH,DIGITAL LITERACY AND  CONCEPTS,15,12.02.2026,FN
35,III,VI,23UENPS01,B.A ENGLISH,INTERVIEW SKILLS ,15,12.02.2026,AN
36,I,II,24UFTA02,B.B.A,GENERAL TAMIL II,118,10.02.2026,FN
37,I,II,24UFEN02,B.B.A,GENERAL ENGLISH II,118,10.02.2026,AN
38,I,II,23UBA03,B.B.A,MARKETING MANAGEMENT ,118,11.02.2026,FN
39,I,II,23UBA04,B.B.A,ACCOUNTING FOR MANAGERS - II,118,11.02.2026,AN
40,I,II,23UBAE01,B.B.A,INTERNATIONAL BUSINESS,118,12.02.2026,FN
41,I,II,23UBAS01,B.B.A,BUSINESS ETIQUETTE AND CORPORATE GROOMING,118,12.02.2026,AN
42,I,II,25UDM01,B.B.A,DISASTER MANAGEMENT,118,13.02.2026,FN
43,I,II,23UTAN02,B.B.A,NME-PAYANMURAI  TAMIL,118,13.02.2026,AN
44,II,IV,24UFTA04,B.B.A,GENERAL TAMIL IV,66,10.02.2026,FN
45,II,IV,24UFEN04,B.B.A,GENERAL ENGLISH IV,66,10.02.2026,AN
46,II,IV,23UBA07,B.B.A,BUSINESS ENVIRONMENT,66,11.02.2026,FN
47,II,IV,23UBA08,B.B.A,BUSINESS REGULATORY FRAM WORK,66,11.02.2026,AN
48,II,IV,23UMAA12,B.B.A,OPERATIONS RESEARCH,66,12.02.2026,FN
49,II,IV,23UBAS03,B.B.A,INTELLECTUAL PROPERTY RIGHT,66,12.02.2026,AN
50,II,IV,23UES01,B.B.A,ENVIRONMENTAL STUDIES,66,13.02.2026,AN
51,III,VI,23UBA13,B.B.A,ENTREPRENEURIAL DEVELOPMENT,67,10.02.2026,FN
52,III,VI,23UBA14,B.B.A,SERVICES MARKETING,67,10.02.2026,AN
53,III,VI,23UBA15,B.B.A,PRODUCTION AND MATERIALS MANAGEMENT,67,11.02.2026,FN
54,III,VI,23UBAGE08,B.B.A,CONSUMER BEHAVIOUR,67,11.02.2026,AN
55,III,VI,23UBAGE13,B.B.A,STRATEGIC MANAGEMENT,67,12.02.2026,FN
56,III,VI,23UBAPCE02,B.B.A,QUANTITATIVE APTITUDE - II,67,12.02.2026,AN
57,I,II,24UFTA02,BCA,GENERAL TAMIL II,78,10.02.2026,FN
58,I,II,24UFEN02,BCA,GENERAL ENGLISH II,78,10.02.2026,AN
59,I,II,23UCA02,BCA,OBJECT ORIENTED PROGRAMMING USING C++,78,11.02.2026,FN
60,I,II,23UCASE03,BCA,WEB DESIGNING,78,11.02.2026,AN
61,I,II,23USTA04,BCA,STATISTICAL METHODS AND THEIR APPLICATIONS-II,78,12.02.2026,FN
62,I,II,25UDM01,BCA,DISASTER MANAGEMENT,78,13.02.2026,FN
63,I,II,23UCMN02,BCA,ADVERTISING,78,13.02.2026,AN
64,II,IV,24UFTA04,BCA,GENERAL TAMIL IV,66,10.02.2026,FN
65,II,IV,24UFEN04,BCA,GENERAL ENGLISH IV,66,10.02.2026,AN
66,II,IV,23UCA04,BCA,PROGRAMMING IN JAVA ,66,11.02.2026,FN
67,II,IV,23UCASE06,BCA,PROBLEM SOLVING TECHNIQUES,66,11.02.2026,AN
68,II,IV,23UMAA05,BCA,INTRODUCTION TO LINEAR ALGEBRA,66,12.02.2026,FN
69,II,IV,23UES01,BCA,ENVIRONMENTAL STUDIES,66,13.02.2026,AN
70,III,VI,23UCA07,BCA,COMPUTER NETWORKS,74,10.02.2026,FN
71,III,VI,23UCADE17,BCA,CLOUD COMPUTING,74,10.02.2026,AN
72,III,VI,23UCADE16,BCA,GRID COMPUTING,74,11.02.2026,FN
73,III,VI,23UCA08,BCA,DATA ANALYSTICS USING  R PROGRAMMING ,74,11.02.2026,AN
74,III,VI,23UCASE08,BCA,QUANTITATIVE APTITUDE,74,12.02.2026,FN
75,I,II,24UFTA02,B.COM,GENERAL TAMIL II,92,10.02.2026,FN
76,I,II,24UFEN02,B.COM,GENERAL ENGLISH II,92,10.02.2026,AN
77,I,II,23UCM03,B.COM,FINANCIAL ACCOUNTING-II,92,11.02.2026,FN
78,I,II,23UCM04,B.COM,BUSINESS LAW,92,11.02.2026,AN
79,I,II,23UCMS01,B.COM,SEC - INDUSTRIAL LAW,92,12.02.2026,FN
80,I,II,23UCME03,B.COM,ELECTIVE - INSURANCE & RISK MANAGEMENT,92,12.02.2026,AN
81,I,II,23UDM01,B.COM,DISASTER MANAGEMENT,92,13.02.2026,FN
82,I,II,23UTAN02,B.COM,PAYANMURAI TAMIL,92,13.02.2026,AN
83,II,IV,24UFTA04,B.COM,GENERAL TAMIL IV,77,10.02.2026,FN
84,II,IV,24UFEN04,B.COM,GENERAL ENGLISH IV,77,10.02.2026,AN
85,II,IV,23UCM07,B.COM,CORPORATE ACCOUNTING-II,77,11.02.2026,FN
86,II,IV,23UCM08,B.COM,PRINCIPLES OF MARKETING,77,11.02.2026,AN
87,II,IV,23UCME07,B.COM,ELECTIVE - CONSUMERISM & CONSUMER PROTECTION,77,12.02.2026,FN
88,II,IV,23UES01,B.COM,ENVIRONMENTAL STUDIES,77,13.02.2026,AN
89,III,VI,23UCM13,B.COM,COST ACCOUNTING-II,116,10.02.2026,FN
90,III,VI,23UCM14,B.COM,MANAGEMENT ACCOUNTING,116,10.02.2026,AN
91,III,VI,23UCME12,B.COM,ENTREPRENEURIAL DEVELOPMENT,116,11.02.2026,FN
92,III,VI,23UCC15,B.COM,INCOME TAX LAW & PRACTICE II,116,11.02.2026,AN
93,III,VI,23UCME14,B.COM,GENERAL AWARENESS FOR COMPETITIVE EXAMINATION,116,12.02.2026,FN
94,III,VI,23UCMGA01,B.COM,LOGISTICS AND SUPPLY CHAIN MANAGEMENT,116,12.02.2026,AN
95,I,II,24UFTA02,B.Com ACCOUNTING AND FINANCE,GENERAL TAMIL II,33,10.02.2026,FN
96,I,II,24UFEN02,B.Com ACCOUNTING AND FINANCE,GENERAL ENGLISH II,33,10.02.2026,AN
97,I,II,24UAF03,B.Com ACCOUNTING AND FINANCE,CORE III - FINANCIAL ACCOUNTING - II,33,11.02.2026,FN
98,I,II,24UAF04,B.Com ACCOUNTING AND FINANCE,CORE IV -BUSINESS LAW,33,11.02.2026,AN
99,I,II,24UAFF02,B.Com ACCOUNTING AND FINANCE,FOUNDATION COURSE - INDUSTRIAL LAW,33,12.02.2026,FN
100,I,II,23UECP05,B.Com ACCOUNTING AND FINANCE,ELECTIVE III - HUMAN RESOURCE MANAGEMENT (HRM),33,12.02.2026,AN
101,I,II,25UDM01,B.Com ACCOUNTING AND FINANCE,DISESTER MANAGEMENT ,33,13.02.2026,FN
102,I,II,23UTAN02,B.Com ACCOUNTING AND FINANCE,NMEC - PAYANMURAI TAMIL,33,13.02.2026,AN
103,II,IV,24UFTA04,B.Com ACCOUNTING AND FINANCE,GENERAL TAMIL IV,21,10.02.2026,FN
104,II,IV,24UFEN04,B.Com ACCOUNTING AND FINANCE,GENERAL ENGLISH IV,21,10.02.2026,AN
105,II,IV,23UAF07,B.Com ACCOUNTING AND FINANCE,CORE - VII - CORPOARTE ACCOUNTING - II,21,11.02.2026,FN
106,II,IV,23UAF08,B.Com ACCOUNTING AND FINANCE,CORE -VIII - PRINCIPLES OF MARKETING ,21,11.02.2026,AN
107,II,IV,23USTA04,B.Com ACCOUNTING AND FINANCE,ELECTIVE - IV - FINANCIAL DERIVATIVES ,21,12.02.2026,FN
108,II,IV,23UES01,B.Com ACCOUNTING AND FINANCE,ENVIRONMENTAL STUDIES,21,13.02.2026,AN
109,III,VI,23UAF13,B.Com ACCOUNTING AND FINANCE,CORE - XIII - COST ACCOUNTING -II,18,10.02.2026,FN
110,III,VI,23UAF14,B.Com ACCOUNTING AND FINANCE,CORE - XIV - MANAGEMENT ACCOUNTING,18,10.02.2026,AN
111,III,VI,23UAFDE06,B.Com ACCOUNTING AND FINANCE,DISPLINE SPECIFIC ELECTIVE 5/6 - COMPUTER APPLICATION IN BUSINESS ,18,11.02.2026,FN
112,III,VI,23UAF15,B.Com ACCOUNTING AND FINANCE,INCOME TAX LAW & PRACTICE II,18,11.02.2026,AN
113,III,VI,23UVE02,B.Com ACCOUNTING AND FINANCE,SE - GENERAL AWARENESS,18,12.02.2026,FN
114,III,VI,23UAFDE07,B.Com ACCOUNTING AND FINANCE,DISPLINE SPECIFIC ELECTIVE 7/8 - INDIAN ACCOUNTING STANADARD,18,12.02.2026,AN
115,I,II,24UFTA02,B.Com With COMPUTER APPLICATIONS,GENERAL TAMIL II,190,10.02.2026,FN
116,I,II,24UFEN02,B.Com With COMPUTER APPLICATIONS,GENERAL ENGLISH II,190,10.02.2026,AN
117,I,II,23UCC03,B.Com With COMPUTER APPLICATIONS,FINANCIAL ACCOUNTING - II,190,11.02.2026,FN
118,I,II,23UCC04,B.Com With COMPUTER APPLICATIONS,BUSINESS LAW,190,11.02.2026,AN
119,I,II,23UCCS01,B.Com With COMPUTER APPLICATIONS,INDUSTRIAL LAW,190,12.02.2026,FN
120,I,II,25UDM01,B.Com With COMPUTER APPLICATIONS,DISASTER MANAGEMENT ,190,13.02.2026,FN
121,I,II,23UTAN02,B.Com With COMPUTER APPLICATIONS,PAYANMURAITH TAMIL,190,13.02.2026,AN
122,II,IV,24UFTA04,B.Com With COMPUTER APPLICATIONS,GENERAL TAMIL IV,127,10.02.2026,FN
123,II,IV,24UFEN04,B.Com With COMPUTER APPLICATIONS,GENERAL ENGLISH IV,127,10.02.2026,AN
124,II,IV,23UCC06,B.Com With COMPUTER APPLICATIONS,CORPORATE ACCOUNTING II,127,11.02.2026,FN
125,II,IV,23UCC07,B.Com With COMPUTER APPLICATIONS,COMPANY LAW,127,11.02.2026,AN
126,II,IV,23UCSA10,B.Com With COMPUTER APPLICATIONS,RELATIONAL DATABASE MANAGEMENT SYSTEM,127,12.02.2026,FN
127,II,IV,23UES01,B.Com With COMPUTER APPLICATIONS,ENVIRONMENTAL STUDIES,127,13.02.2026,AN
128,III,VI,23UCC12,B.Com With COMPUTER APPLICATIONS,COST ACCOUNTING II,120,10.02.2026,FN
129,III,VI,23UCC14,B.Com With COMPUTER APPLICATIONS,MANAGEMENT ACCOUNTING,120,10.02.2026,AN
130,III,VI,23UCCE15,B.Com With COMPUTER APPLICATIONS,ENTREPRENEURIAL DEVELOPMENT,120,11.02.2026,FN
131,III,VI,23UCC13,B.Com With COMPUTER APPLICATIONS,INCOME TAX LAW & PRACTICE II,120,11.02.2026,AN
132,III,VI,23UCCGA01,B.Com With COMPUTER APPLICATIONS,GENERAL AWARNESS FOR COMPETITIVE EXAMINATION,120,12.02.2026,FN
133,I,II,24UFTA02,DEPARTMENT OF COMMERCE IT,GENERAL TAMIL II,64,10.02.2026,FN
134,I,II,24UFEN02,DEPARTMENT OF COMMERCE IT,GENERAL ENGLISH II,64,10.02.2026,AN
135,I,II,25UCIT03,DEPARTMENT OF COMMERCE IT,CORE III - FINANCIAL ACCOUNTING - II,64,11.02.2026,FN
136,I,II,25UCIEP02,DEPARTMENT OF COMMERCE IT,CORE IV -BUSINESS LAW,64,11.02.2026,AN
137,I,II,24UITS02,DEPARTMENT OF COMMERCE IT,SEC 3 - CORPORATE SOCIAL RESPONSIBILITY,64,12.02.2026,FN
138,I,II,NMSDC,DEPARTMENT OF COMMERCE IT,DISESTER MANAGEMENT ,64,13.02.2026,FN
139,I,II,23UTAN02,DEPARTMENT OF COMMERCE IT,NMEC - PAYANMURAI TAMIL,64,13.02.2026,AN
140,I,II,24UFTA02,DEPARTEMNT OF COMMERCE PA,GENERAL TAMIL II,23,10.02.2026,FN
141,I,II,24UFEN02,DEPARTEMNT OF COMMERCE PA,GENERAL ENGLISH II,23,10.02.2026,AN
142,I,II,24UAF03,DEPARTEMNT OF COMMERCE PA,CORE III - FINANCIAL ACCOUNTING - II,23,11.02.2026,FN
143,I,II,24UAF04,DEPARTEMNT OF COMMERCE PA,CORE IV -BUSINESS LAW,23,11.02.2026,AN
144,I,II,24UAFF02,DEPARTEMNT OF COMMERCE PA,FOUNDATION COURSE - INDUSTRIAL LAW,23,12.02.2026,FN
145,I,II,23UECP05,DEPARTEMNT OF COMMERCE PA,ELECTIVE III - COMPUTER APPLICATION BUSINESS ,23,12.02.2026,AN
146,I,II,25UDM01,DEPARTEMNT OF COMMERCE PA,DISESTER MANAGEMENT ,23,13.02.2026,FN
147,I,II,23UTAN02,DEPARTEMNT OF COMMERCE PA,NMEC - PAYANMURAI TAMIL,23,13.02.2026,AN
148,I,II,24UFTA02,B.Sc COMPUTER SCIENCE (ARTIFICIAL INTELLIGENCE AND DATA SCIENCE),GENERAL TAMIL II,81,10.02.2026,FN
149,I,II,24UFEN02,B.Sc COMPUTER SCIENCE (ARTIFICIAL INTELLIGENCE AND DATA SCIENCE),GENERAL ENGLISH II,81,10.02.2026,AN
150,I,II,23UAD02,B.Sc COMPUTER SCIENCE (ARTIFICIAL INTELLIGENCE AND DATA SCIENCE),INTRODUCTION TO PYTHON,81,11.02.2026,FN
151,I,II,23UADS02,B.Sc COMPUTER SCIENCE (ARTIFICIAL INTELLIGENCE AND DATA SCIENCE),INTRODUCTION TO HTML,81,11.02.2026,AN
152,I,II,23USTA04,B.Sc COMPUTER SCIENCE (ARTIFICIAL INTELLIGENCE AND DATA SCIENCE),EC1-STATISTICAL METHODS AND ITS APPLICATION - II,81,12.02.2026,FN
153,I,II,25UDM01,B.Sc COMPUTER SCIENCE (ARTIFICIAL INTELLIGENCE AND DATA SCIENCE),DISASTER MANAGEMENT,81,13.02.2026,FN
154,I,II,23UCMN02,B.Sc COMPUTER SCIENCE (ARTIFICIAL INTELLIGENCE AND DATA SCIENCE),ADVERTISING,81,13.02.2026,AN
155,II,IV, 24UFTA04,B.Sc COMPUTER SCIENCE (ARTIFICIAL INTELLIGENCE AND DATA SCIENCE),GENERAL TAMIL IV,64,10.02.2026,FN
156,II,IV,24UFEN04,B.Sc COMPUTER SCIENCE (ARTIFICIAL INTELLIGENCE AND DATA SCIENCE),GENERAL ENGLISH IV,64,10.02.2026,AN
157,II,IV,23UAD04,B.Sc COMPUTER SCIENCE (ARTIFICIAL INTELLIGENCE AND DATA SCIENCE),FUNDAMENTALS OF DATA SCIENCE,64,11.02.2026,FN
158,II,IV,23UADS07,B.Sc COMPUTER SCIENCE (ARTIFICIAL INTELLIGENCE AND DATA SCIENCE),OFFICE AUTOMATION,64,11.02.2026,AN
159,II,IV,23UMAA05,B.Sc COMPUTER SCIENCE (ARTIFICIAL INTELLIGENCE AND DATA SCIENCE),INTRODUCTION TO LINEAR ALGEBRA,64,12.02.2026,FN
160,II,IV,23UES01,B.Sc COMPUTER SCIENCE (ARTIFICIAL INTELLIGENCE AND DATA SCIENCE),ENVIRONMENTAL STUDIES,64,13.02.2026,AN
161,III,VI,23UAD07,B.Sc COMPUTER SCIENCE (ARTIFICIAL INTELLIGENCE AND DATA SCIENCE),ROBOTICS PROCESS AUTOMATION ,36,10.02.2026,FN
162,III,VI,23UAD08,B.Sc COMPUTER SCIENCE (ARTIFICIAL INTELLIGENCE AND DATA SCIENCE),NATURAL LANGUAGE PROCESSING,36,10.02.2026,AN
163,III,VI,23UADE13,B.Sc COMPUTER SCIENCE (ARTIFICIAL INTELLIGENCE AND DATA SCIENCE),GRID COMPUTING,36,11.02.2026,FN
164,III,VI,23UADE14,B.Sc COMPUTER SCIENCE (ARTIFICIAL INTELLIGENCE AND DATA SCIENCE),CLOUD COMPUTING ,36,11.02.2026,AN
165,III,VI,23UADS08 ,B.Sc COMPUTER SCIENCE (ARTIFICIAL INTELLIGENCE AND DATA SCIENCE),QUANTITATIVE APPTITUDE,36,12.02.2026,FN
166,I,II,24UFTA02,B.Sc ARTIFICIAL INTELLIGENCE & MACHINE LEARNING,GENERAL TAMIL II,27,10.02.2026,FN
167,I,II,24UFEN02,B.Sc ARTIFICIAL INTELLIGENCE & MACHINE LEARNING,GENERAL ENGLISH II,27,10.02.2026,AN
168,I,II,23UAM02,B.Sc ARTIFICIAL INTELLIGENCE & MACHINE LEARNING,PROGRAMMING IN JAVA,27,11.02.2026,FN
169,I,II,23UAMS02,B.Sc ARTIFICIAL INTELLIGENCE & MACHINE LEARNING,OFFICE AUTOMATION,27,11.02.2026,AN
170,I,II,23USTA04,B.Sc ARTIFICIAL INTELLIGENCE & MACHINE LEARNING,EC1-STATISTICAL METHODS AND ITS APPLICATION - II,27,12.02.2026,FN
171,I,II,25UDM01,B.Sc ARTIFICIAL INTELLIGENCE & MACHINE LEARNING,DISASTER MANAGEMENT,27,13.02.2026,FN
172,I,II,23UCMN02,B.Sc ARTIFICIAL INTELLIGENCE & MACHINE LEARNING,ADVERTISING,27,13.02.2026,AN
173,I,II,24UFTA02,B.Sc BIOCHEMISTRY,GENERAL TAMIL II,22,10.02.2026,FN
174,I,II,24UFEN02,B.Sc BIOCHEMISTRY,GENERAL ENGLISH II,22,10.02.2026,AN
175,I,II,23UBC02,B.Sc BIOCHEMISTRY,CELL BIOLOGY,22,11.02.2026,FN
176,I,II,23UCHA04,B.Sc BIOCHEMISTRY,ALLIED CHEMISTY FOR BIOLOGICAL SCIENCES -II,22,11.02.2026,AN
177,I,II,23UBON05,B.Sc BIOCHEMISTRY,HERBAL MEDICINE,22,12.02.2026,FN
178,I,II,23UBCS01,B.Sc BIOCHEMISTRY,FIRST AID,22,12.02.2026,AN
179,I,II,25UDM01,B.Sc BIOCHEMISTRY,DISASTER MANAGEMENT,22,13.02.2026,FN
180,II,IV,24UFTA04,B.Sc BIOCHEMISTRY,GENERAL TAMIL IV,11,10.02.2026,FN
181,II,IV,24UFEN04,B.Sc BIOCHEMISTRY,GENERAL ENGLISH IV,11,10.02.2026,AN
182,II,IV,23UBC04,B.Sc BIOCHEMISTRY,BIOCHEMICAL TECHNIQUES,11,11.02.2026,FN
183,II,IV,23UMBA01,B.Sc BIOCHEMISTRY,FUNDAMENTALS OF MICROBIOLOGY,11,11.02.2026,AN
184,II,IV,23UBCS05,B.Sc BIOCHEMISTRY,MEDICAL CODING,11,12.02.2026,FN
185,II,IV,23UES01,B.Sc BIOCHEMISTRY,ENVIRONMENTAL STUDIES,11,13.02.2026,AN
186,III,VI,23UBC08,B.Sc BIOCHEMISTRY,MOLECULAR BIOLOGY,34,10.02.2026,FN
187,III,VI,23UBC09,B.Sc BIOCHEMISTRY,HUMAN PHYSIOLOGY,34,10.02.2026,AN
188,III,VI,23UBC10,B.Sc BIOCHEMISTRY,PLANT BIOCHEMISTRY& PLANT THERAPEUTICS,34,11.02.2026,FN
189,III,VI,23UBCE04,B.Sc BIOCHEMISTRY,BIOTECHNOLOGY,34,11.02.2026,AN
190,III,VI,23UBCE05,B.Sc BIOCHEMISTRY,BIOINFORMATICS,34,12.02.2026,FN
191,I,II,24UFTA02,B.Sc COSTUME DESIGN AND FASHION,GENERAL TAMIL II,18,10.02.2026,FN
192,I,II,24UFEN02,B.Sc COSTUME DESIGN AND FASHION,GENERAL ENGLISH II,18,10.02.2026,AN
193,I,II,23UCDCT02,B.Sc COSTUME DESIGN AND FASHION,FASHION CLOTHING PHYCOLOGY ,18,11.02.2026,FN
194,I,II,23UCDDE02 ,B.Sc COSTUME DESIGN AND FASHION,APPAREL MANUFACTURING MACHINERIES  & EQUIPMENTS ,18,11.02.2026,AN
195,I,II,25UCDM01,B.Sc COSTUME DESIGN AND FASHION,DISASTER MANAGEMENT ,18,13.02.2026,FN
196,I,II,23UTAN01,B.Sc COSTUME DESIGN AND FASHION,PAYANMURAI TAMIL,18,13.02.2026,AN
197,II,IV,24UFTA04,B.Sc COSTUME DESIGN AND FASHION,GENERAL TAMIL IV,18,10.02.2026,FN
198,II,IV,24UFEN04,B.Sc COSTUME DESIGN AND FASHION,GENERAL ENGLISH IV,15,10.02.2026,AN
199,II,IV,23UCDDCT04 ,B.Sc COSTUME DESIGN AND FASHION,HISTORIC COSTUMES OF INDIA,15,11.02.2026,FN
200,II,IV,23UES01,B.Sc COSTUME DESIGN AND FASHION,ENVIRONMENTAL STUDIES ,15,13.02.2026,AN
201,III,VI,23UCDCT07,B.Sc COSTUME DESIGN AND FASHION,TECHNICAL TEXTILE ,12,10.02.2026,FN
202,III,VI,23UCDDE07,B.Sc COSTUME DESIGN AND FASHION,TEXTILE TESTING & QUALITY CONTROL,12,10.02.2026,AN
203,III,VI,23UCDCT08,B.Sc COSTUME DESIGN AND FASHION,HOME TEXTILE ,12,11.02.2026,FN
204,I,II,24UFTA02,B.Sc CLINICAL LABORATORY TECHNOLOGY,GENERAL TAMIL II,15,10.02.2026,FN
205,I,II,24UFEN02,B.Sc CLINICAL LABORATORY TECHNOLOGY,GENERAL ENGLISH II,15,10.02.2026,AN
206,I,II,23UCT03,B.Sc CLINICAL LABORATORY TECHNOLOGY,HUMAN ANATOMY AND PHYSIOLOGY,15,11.02.2026,FN
207,I,II,23UCT04,B.Sc CLINICAL LABORATORY TECHNOLOGY,MICROBIOLOGY,15,11.02.2026,AN
208,I,II,23UCTA02,B.Sc CLINICAL LABORATORY TECHNOLOGY,ANALYTICAL TECHNIQUES,15,12.02.2026,FN
209,I,II,23UCTS02,B.Sc CLINICAL LABORATORY TECHNOLOGY,SOCIOLOGY PSYCHOLOGY,15,12.02.2026,AN
210,I,II,25UDM01,B.Sc CLINICAL LABORATORY TECHNOLOGY,DISASTER MANAGEMENT,15,13.02.2026,FN
211,I,II,23UCTS03,B.Sc CLINICAL LABORATORY TECHNOLOGY,TISSUE CULTURE TECHNIQUES,15,13.02.2026,AN
212,II,IV,24UFTA04,B.Sc CLINICAL LABORATORY TECHNOLOGY,GENERAL TAMIL IV,13,10.02.2026,FN
213,II,IV,24UFEN04,B.Sc CLINICAL LABORATORY TECHNOLOGY,GENERAL ENGLISH IV,13,10.02.2026,AN
214,II,IV,23UCT06,B.Sc CLINICAL LABORATORY TECHNOLOGY,MEDICAL BIOCHEMISTRY,13,11.02.2026,FN
215,II,IV,23UCTA04,B.Sc CLINICAL LABORATORY TECHNOLOGY,ALLIED COMPUTER SCIENCE,13,11.02.2026,AN
216,II,IV,23UCTS06,B.Sc CLINICAL LABORATORY TECHNOLOGY,FUNDAMENTALS OF RESEARCH METHODOLOGY,13,12.02.2026,FN
217,II,IV,23UES01,B.Sc CLINICAL LABORATORY TECHNOLOGY,ENVIRONMENTAL STUDIES,13,13.02.2026,AN
218,III,VI,23UCT10,B.Sc CLINICAL LABORATORY TECHNOLOGY,CLINICAL LABORATORY TEST AND INTERPRETATION,20,10.02.2026,FN
219,III,VI,23UCT11,B.Sc CLINICAL LABORATORY TECHNOLOGY,MOLECULAR BIOLOGY AND GENETIC ENGNIEERING,20,10.02.2026,AN
220,III,VI,23UCTE05,B.Sc CLINICAL LABORATORY TECHNOLOGY,PHARMACUETICAL BIOCHEMISTRY,20,11.02.2026,FN
221,III,VI,23UCTE07,B.Sc CLINICAL LABORATORY TECHNOLOGY,CLINICAL LABORATORY ETHICS AND DOCUMENTATION,20,11.02.2026,AN
222,I,II,24UFTA02,B.Sc COMPUTER SCIENCE,GENERAL TAMIL II,85,10.02.2026,FN
223,I,II,24UFEN02,B.Sc COMPUTER SCIENCE,GENERAL ENGLISH II,85,10.02.2026,AN
224,I,II,23UCS02,B.Sc COMPUTER SCIENCE,DATA STRUCTURE AND ALGORITHMS,85,11.02.2026,FN
225,I,II,23UCS03,B.Sc COMPUTER SCIENCE,WEB DESIGN ,85,11.02.2026,AN
226,I,II,23USTA02,B.Sc COMPUTER SCIENCE,STATISTICAL METHODS AND ITS APPLICATIONS-II,85,12.02.2026,FN
227,I,II,25UDM01,B.Sc COMPUTER SCIENCE,DISASTER MANAGEMENT,85,13.02.2026,FN
228,I,II,23UCMN02,B.Sc COMPUTER SCIENCE,ADVERTISING,85,13.02.2026,AN
229,II,IV,24UFTA04,B.Sc COMPUTER SCIENCE,GENERAL TAMIL IV,60,10.02.2026,FN
230,II,IV,24UFEN04,B.Sc COMPUTER SCIENCE,GENERAL ENGLISH IV,60,10.02.2026,AN
231,II,IV,23UCS04,B.Sc COMPUTER SCIENCE,JAVA PROGRAMMING,60,11.02.2026,FN
232,II,IV,23UCSSE06,B.Sc COMPUTER SCIENCE,UNDERSTANDING INTERNET,60,11.02.2026,AN
233,II,IV,23UMAA05,B.Sc COMPUTER SCIENCE,INTRODUCTION TO LINEAR ALGEBRA,60,12.02.2026,FN
234,II,IV,23UES01,B.Sc COMPUTER SCIENCE,ENVIRONMENTAL STUDIES,60,13.02.2026,AN
235,III,VI,23UCS08,B.Sc COMPUTER SCIENCE,COMPUTER NETWORKS,60,10.02.2026,FN
236,III,VI,23UCSS014,B.Sc COMPUTER SCIENCE,CLOUD COMPUTING,60,10.02.2026,AN
237,III,VI,23UCSS013,B.Sc COMPUTER SCIENCE,GRID COMPUTING,60,11.02.2026,FN
238,III,VI,23UCS07,B.Sc COMPUTER SCIENCE,NET PROGRAMMING,60,11.02.2026,AN
239,III,VI,23UCSS08,B.Sc COMPUTER SCIENCE,QUANTITATIVE APTITUDE,60,12.02.2026,FN
240,I,II,24UFTA02,B.Sc COMPUTER SCIENCE (CYBER SECURITY),GENERAL TAMIL II,32,10.02.2026,FN
241,I,II,24UFEN02,B.Sc COMPUTER SCIENCE (CYBER SECURITY),GENERAL ENGLISH II,32,10.02.2026,AN
242,I,II,23USE02,B.Sc COMPUTER SCIENCE (CYBER SECURITY),DATA STRUCTURES AND ALGORITHMS,32,11.02.2026,FN
243,I,II,23USES03,B.Sc COMPUTER SCIENCE (CYBER SECURITY),SEC3-WEB DESIGING,32,11.02.2026,AN
244,I,II,23USTA04,B.Sc COMPUTER SCIENCE (CYBER SECURITY),STATISTICAL METHODS AND THIES APPLICATION-II,32,12.02.2026,FN
245,I,II,25UDM01,B.Sc COMPUTER SCIENCE (CYBER SECURITY),DISASTER  - MANAGEMENT,32,13.02.2026,FN
246,I,II,23UCMN02,B.Sc COMPUTER SCIENCE (CYBER SECURITY),SEC2- NMEC II -ADVERTISING,32,13.02.2026,AN
247,II,IV,24UFTA04,B.Sc COMPUTER SCIENCE (CYBER SECURITY),GENERAL TAMIL IV,19,10.02.2026,FN
248,II,IV,24UFEN04,B.Sc COMPUTER SCIENCE (CYBER SECURITY),GENERAL ENGLISH IV,19,10.02.2026,AN
249,II,IV,23USE04,B.Sc COMPUTER SCIENCE (CYBER SECURITY),TOOLS AND TECHNIQUES FOR CYBER SECURITY,19,11.02.2026,FN
250,II,IV,23USES06,B.Sc COMPUTER SCIENCE (CYBER SECURITY),SEC6-UDERSTANDING INTERNET,19,11.02.2026,AN
251,II,IV,23USTA04,B.Sc COMPUTER SCIENCE (CYBER SECURITY),STATISTICAL METHODS AND ITS APPLICATIONS-II,19,12.02.2026,FN
252,II,IV,23UES01,B.Sc COMPUTER SCIENCE (CYBER SECURITY),ENVIRONMENTAL STUDIES,19,13.02.2026,AN
253,III,VI,23USEEC8,B.Sc COMPUTER SCIENCE (CYBER SECURITY),EC8-MOBILE COMPUTING,8,10.02.2026,FN
254,III,VI,23USE08,B.Sc COMPUTER SCIENCE (CYBER SECURITY),NETWORK SECURITY,8,10.02.2026,AN
255,III,VI,23USEE07,B.Sc COMPUTER SCIENCE (CYBER SECURITY),EC7-GRID COMPUTING,8,11.02.2026,FN
256,III,VI,23USE07,B.Sc COMPUTER SCIENCE (CYBER SECURITY),ETHICAL HACKING AND CYBER SECURITY,8,11.02.2026,AN
257,III,VI,23USES08,B.Sc COMPUTER SCIENCE (CYBER SECURITY),SEC8-QUANTITATIVE APTITUDE,8,12.02.2026,FN
258,I,II,24UFTA02,B.Sc DATA SCIENCE,GENERAL TAMIL II,14,10.02.2026,FN
259,I,II,24UFEN02,B.Sc DATA SCIENCE,GENERAL ENGLISH II,14,10.02.2026,AN
260,I,II,23UDS02,B.Sc DATA SCIENCE,DATA STRUCTURES AND ALGORITHMS,14,11.02.2026,FN
261,I,II,23UDSSE01,B.Sc DATA SCIENCE,SEC 3 - INDRODUCTION TO HTML,14,11.02.2026,AN
262,I,II,23USTA04,B.Sc DATA SCIENCE,EC 2 - STATISTICAL METHODS AND THIES APPLICATION-II,14,12.02.2026,FN
263,I,II,25UDM01,B.Sc DATA SCIENCE,DISASTER  - MANAGEMENT,14,13.02.2026,FN
264,I,II,23UCMN02,B.Sc DATA SCIENCE,SEC 2 - NMEC II -ADVERTISING,14,13.02.2026,AN
265,II,IV,24UFTA04,B.Sc DATA SCIENCE,GENERAL TAMIL IV,12,10.02.2026,FN
266,II,IV,24UFEN04,B.Sc DATA SCIENCE,GENERAL ENGLISH IV,12,10.02.2026,AN
267,II,IV,23UDS04,B.Sc DATA SCIENCE,OBJECT ORIENTED PROGRAMMING WITH JAVA,12,11.02.2026,FN
268,II,IV,23UDSSE16,B.Sc DATA SCIENCE,SEC6-WEB TECHNOLOGY,12,11.02.2026,AN
269,II,IV,23USTA04,B.Sc DATA SCIENCE,STATISTICAL METHODS AND ITS APPLICATIONS-II,12,12.02.2026,FN
270,II,IV,23UES01,B.Sc DATA SCIENCE,ENVIRONMENTAL STUDIES,12,13.02.2026,AN
271,III,VI,23UDSEC8,B.Sc DATA SCIENCE,EC8-COMPUTER NETWORKS,9,10.02.2026,FN
272,III,VI,23UDS07,B.Sc DATA SCIENCE,IOT AND CLOUD TECHNIQUES,9,10.02.2026,AN
273,III,VI,23UDSEC7,B.Sc DATA SCIENCE,EC7-GRID COMPUTING,9,11.02.2026,FN
274,III,VI,23UDS08,B.Sc DATA SCIENCE,ARTIFICIAL INTELLIGENCE,9,11.02.2026,AN
275,III,VI,23UDSSE07,B.Sc DATA SCIENCE,SEC8-DATA MINING AND WAREHOUSING,9,12.02.2026,FN
276,I,II,24UFTA02,B.Sc INFORMATION TECHNOLOGY,GENERAL TAMIL II,51,10.02.2026,FN
277,I,II,24UFEN02,B.Sc INFORMATION TECHNOLOGY,GENERAL ENGLISH II,51,10.02.2026,AN
278,I,II,23UIT02,B.Sc INFORMATION TECHNOLOGY,JAVA PROGRAMMING,51,11.02.2026,FN
279,I,II,23UITSE02,B.Sc INFORMATION TECHNOLOGY,SEC2-BASICS OF INTERNET,51,11.02.2026,AN
280,I,II,23USTA04,B.Sc INFORMATION TECHNOLOGY,STATISTICAL METHODS AND ITS APPLICATIONS-II,51,12.02.2026,FN
281,I,II,25UDM01,B.Sc INFORMATION TECHNOLOGY,DISASTER MANAGEMENT ,51,13.02.2026,FN
282,I,II,23UCMN02,B.Sc INFORMATION TECHNOLOGY,NMEC II - ADVERTISING,51,13.02.2026,AN
283,II,IV,24UFTA04,B.Sc INFORMATION TECHNOLOGY,GENERAL TAMIL IV,37,10.02.2026,FN
284,II,IV,24UFEN04,B.Sc INFORMATION TECHNOLOGY,GENERAL ENGLISH IV,37,10.02.2026,AN
285,II,IV,23UIT04,B.Sc INFORMATION TECHNOLOGY,DOT NET,37,11.02.2026,FN
286,II,IV,23UITSE06,B.Sc INFORMATION TECHNOLOGY,SEC6-INTRODUCTION TO HTML,37,11.02.2026,AN
287,II,IV,23UMAA05,B.Sc INFORMATION TECHNOLOGY,INTRODUCTION TO LINEAR ALGEBRA,37,12.02.2026,FN
288,II,IV,23UES01,B.Sc INFORMATION TECHNOLOGY,ENVIRONMENTAL STUDIES,37,13.02.2026,AN
289,III,VI,23UITEC8 ,B.Sc INFORMATION TECHNOLOGY,EC8-TRENDS IN COMPUTING,34,10.02.2026,FN
290,III,VI,23UITSE08,B.Sc INFORMATION TECHNOLOGY,SEC8-SOFTWARE TESTING,34,10.02.2026,AN
291,III,VI,23UITEC7,B.Sc INFORMATION TECHNOLOGY,EC7-GRID COMPUTING,34,11.02.2026,FN
292,III,VI,23UIT08,B.Sc INFORMATION TECHNOLOGY,DATA MINING,34,11.02.2026,AN
293,III,VI,23UITC07,B.Sc INFORMATION TECHNOLOGY,DATA COMMUNICATIONS AND NETWORKING,34,12.02.2026,FN
294,I,II,24UFTA02,B.Sc MICROBIOLOGY,GENERAL TAMIL II,59,10.02.2026,FN
295,I,II,24UFEN02,B.Sc MICROBIOLOGY,GENERAL ENGLISH II,59,10.02.2026,AN
296,I,II,23UMB02,B.Sc MICROBIOLOGY,MICROBIAL PHYSIOLOGY AND METABOLISM,59,11.02.2026,FN
297,I,II,23UMBE02,B.Sc MICROBIOLOGY,BIO-INSTRUMENTATION,59,11.02.2026,AN
298,I,II,23UBON05,B.Sc MICROBIOLOGY,HERBAL MEDICINE ,59,12.02.2026,FN
299,I,II,25UDM01,B.Sc MICROBIOLOGY,DISASTER MANAGEMENT ,59,13.02.2026,FN
300,I,II,23UMBS01,B.Sc MICROBIOLOGY,SERICULTURE ,59,13.02.2026,AN
301,II,IV,24UFTAN04,B.Sc MICROBIOLOGY,GENERAL TAMIL IV,44,10.02.2026,FN
302,II,IV,24UFEN04,B.Sc MICROBIOLOGY,GENERAL ENGLISH IV,44,10.02.2026,AN
303,II,IV,23UMB04,B.Sc MICROBIOLOGY,IMMUNOLOGY AND IMMUNOTECHNOLOGY,44,11.02.2026,FN
304,II,IV,23UMBE04,B.Sc MICROBIOLOGY,FOOD PROCESSING TECHNOLOGY ,44,11.02.2026,AN
305,II,IV,23UMBS03,B.Sc MICROBIOLOGY,VACCINE TECHNOLOGY ,44,12.02.2026,FN
306,II,IV,23UES01,B.Sc MICROBIOLOGY,ENVIRONMENTAL STUDIES ,44,13.02.2026,AN
307,III,VI,23UMB07,B.Sc MICROBIOLOGY,ENVIRONMENTAL AND AGRICULTURE MICROBIOLOGY,80,10.02.2026,FN
308,III,VI,23UMB08,B.Sc MICROBIOLOGY,"FOOD, DAIRY AND PROBIOTIC MICROBIOLOGY",80,10.02.2026,AN
309,III,VI,23UMBE07,B.Sc MICROBIOLOGY,PHARMACEUTICAL MICROBIOLOGY,80,11.02.2026,FN
310,III,VI,23UMBE08,B.Sc MICROBIOLOGY,ENTREPRENEURSHIP AND BIO-BUSINESS,80,11.02.2026,AN
311,III,VI,23UMBPCS,B.Sc MICROBIOLOGY,MICROBIAL QUALITY CONTROL AND TESTING,80,12.02.2026,FN
312,I,II,24UFTA02,B.Sc TEXTILE AND FASHION DESIGNING,GENERAL TAMIL II,13,10.02.2026,FN
313,I,II,24UFEN02,B.Sc TEXTILE AND FASHION DESIGNING,GENERAL ENGLISH II,13,10.02.2026,AN
314,I,II,23UTFDE02 ,B.Sc TEXTILE AND FASHION DESIGNING,CARE AND MAINTENANCE OF TEXTILE,13,11.02.2026,FN
315,I,II,23UTFCT02,B.Sc TEXTILE AND FASHION DESIGNING,WOVEN FABRIC SCIENCE,13,11.02.2026,AN
316,I,II,25UDM01,B.Sc TEXTILE AND FASHION DESIGNING,DISASTER MANAGEMENT ,13,13.02.2026,FN
317,I,II,23UTAN02,B.Sc TEXTILE AND FASHION DESIGNING,PAYANMURAI TAMIL,13,13.02.2026,AN
318,II,IV,24UFTA04,B.Sc TEXTILE AND FASHION DESIGNING,GENERAL TAMIL IV,17,10.02.2026,FN
319,II,IV,24UFEN04 ,B.Sc TEXTILE AND FASHION DESIGNING,GENERAL ENGLISH IV,17,10.02.2026,AN
320,II,IV,23UTFST01,B.Sc TEXTILE AND FASHION DESIGNING,FASHION DESIGNING ,17,11.02.2026,FN
321,II,IV,23UTFCT04,B.Sc TEXTILE AND FASHION DESIGNING,TEXTILE FINISHING ,17,11.02.2026,AN
322,II,IV,23UES01,B.Sc TEXTILE AND FASHION DESIGNING,ENVIRONMENTAL STUDIES ,17,13.02.2026,AN
323,III,VI,23UTFDE07,B.Sc TEXTILE AND FASHION DESIGNING,APPAREL PRODUCTION MANAGEMENT ,19,10.02.2026,FN
324,III,VI,23UTFCT07,B.Sc TEXTILE AND FASHION DESIGNING,TEXTILE TESTING & QUALITY CONTROL,19,10.02.2026,AN
325,III,VI,23UTFDE08,B.Sc TEXTILE AND FASHION DESIGNING,INTERNATIONAL TRADE & DOCUMENTATION,19,11.02.2026,FN
326,I,II,24UFTA02,B.Sc VISUAL COMMUNICATION,GENERAL TAMIL II,21,10.02.2026,FN
327,I,II,24UFEN02,B.Sc VISUAL COMMUNICATION,GENERAL ENGLISH II,21,10.02.2026,AN
328,I,II,23UVC03,B.Sc VISUAL COMMUNICATION,UNDERSTANDING VISUAL COMMUNICATION ,21,11.02.2026,FN
329,I,II,25UDM01,B.Sc VISUAL COMMUNICATION,DISASTER MANAGEMENT,21,13.02.2026,FN
330,I,II,23UTAN02,B.Sc VISUAL COMMUNICATION,PAYANMURAI TAMIL,21,13.02.2026,AN
331,II,IV,23UFTA04,B.Sc VISUAL COMMUNICATION,GENERAL TAMIL IV,18,10.02.2026,FN
332,II,IV,23UFEN04,B.Sc VISUAL COMMUNICATION,GENERAL ENGLISH IV,18,10.02.2026,AN
333,II,IV,23UVC05,B.Sc VISUAL COMMUNICATION,FILM APPRECIATION AND ANALYSIS ,18,11.02.2026,FN
334,II,IV,23UES01,B.Sc VISUAL COMMUNICATION,ENVIRONMENTAL STUDIES,18,13.02.2026,AN
335,III,VI,23UVC08,B.Sc VISUAL COMMUNICATION,MEDIA CULTURE IN TAMIL NADU (THEORY),25,10.02.2026,FN
336,III,VI,23UVC09,B.Sc VISUAL COMMUNICATION,MEDIA ENTREPRENEURSHIP (THEORY),25,10.02.2026,AN
337,III,VI,23UVCS02,B.Sc VISUAL COMMUNICATION,CYBER SECURITY TRAINING FOR MEDIA PROFESSIONALS (THEORY),25,11.02.2026,FN
338,I,II,23PEN04,M.A ENGLISH,AMERICAN LITERATURE,6,10.02.2026,FN
339,I,II,23PEN05,M.A ENGLISH,SHAKESPEARE STUDIES,6,10.02.2026,AN
340,I,II,23PEN06,M.A ENGLISH,POST COLONIAL THEORY AND LITERATURE,6,11.02.2026,FN
341,I,II,23PENE03,M.A ENGLISH,ELECTIVE - APPROACHES TO ENGLISH LANGUAGE TEACHING & ICT,6,11.02.2026,AN
342,I,II,23PENE04,M.A ENGLISH,ELECTIVE - GLIMPSE OF NOBEL LAUREATES,6,12.02.2026,FN
343,I,II,23PCMN02,M.A ENGLISH,NME- BUSINESS COMMUNICATION,6,12.02.2026,AN
344,I,II,23PHR01,M.A ENGLISH,FUNDAMENTALS OF HUMAN RIGHTS,6,13.02.2026,FN
345,II,IV,23PEN11,M.A ENGLISH,TWENTY FIRST CENTURY MILLENNIAL LITERATURE AND CULTURE,7,10.02.2026,FN
346,II,IV,23PEN12,M.A ENGLISH,SUBALTERN STUDIES,7,10.02.2026,AN
347,II,IV,23PEN13,M.A ENGLISH,RESEARCH METHODOLOGY,7,11.02.2026,FN
348,II,IV,23PENE06,M.A ENGLISH,"ENGLISH LITERATURE NTA, NET, SET &GATE",7,11.02.2026,AN
349,II,IV,23PENPR1,M.A ENGLISH,PROJECT WRITING ,7,12.02.2026,FN
350,II,IV,23PENS01,M.A ENGLISH,SEC- ENGLISH FOR CAREERS,7,12.02.2026,AN
351,I,II,23PCM04,M.Com,STRATGIC COST MANGEMENT ,10,10.02.2026,FN
352,I,II,23PCM05,M.Com,CORPORATE ACCOUNTING ,10,10.02.2026,AN
353,I,II,23PCM06,M.Com,SETTING UP OF BUSINESS ENTITIES,10,11.02.2026,FN
354,I,II,23PCME06,M.Com,ELECTIVE III - AUDIT AND DUE DILIGENCE,10,11.02.2026,AN
355,I,II,23PCME07,M.Com,ELECTIVE IV - RURAL AND AGRICULTUAL MARKETING,10,12.02.2026,FN
356,I,II,23PCSN01,M.Com,"NME I - PRINCIPLES OF INFORMATION TECHNOLOGY
",10,12.02.2026,AN
357,I,II,23PHR01,M.Com,FUNDAMENTALS OF HUMAN RIGHTS,10,13.02.2026,FN
358,II,IV,23PCM10,M.Com,CORPORATE AND ECONOMIC LAWS,23,10.02.2026,FN
359,II,IV,23PCM11,M.Com,HUMAN RESOURCE ANALYTICS,23,10.02.2026,AN
360,II,IV,23PCME11,M.Com,ELECTIVE VI - ORGANIZATIONAL BEHAVIOUR,23,11.02.2026,FN
361,I,II,23PCSC06,M.Sc COMPUTER SCIENCE,CORE VI:ADVANCED JAVA PROGRAMMING,15,10.02.2026,FN
362,I,II,23PHR01,M.Sc COMPUTER SCIENCE,FUNDAMENTATS OF HUMAN RIGHTS,15,10.02.2026,AN
363,I,II,23PCSE05,M.Sc COMPUTER SCIENCE,INTERNET OF THINGS,15,11.02.2026,FN
364,I,II,23PCSC05,M.Sc COMPUTER SCIENCE,CORE VI:ADVANCED  OPETATING SYSTEMS,15,11.02.2026,AN
365,I,II,23PCSC04,M.Sc COMPUTER SCIENCE,CORE VI:DATA MINING  AND  WAREHOUSING,15,12.02.2026,FN
366,II,IV,23PCSE09,M.Sc COMPUTER SCIENCE,WEB SERVICES,11,10.02.2026,FN
367,I,II,23PMI03,M.Sc MICROBIOLOGY,MEDICAL BACTERIOLOGY & MYCOLOGY ,32,10.02.2026,FN
368,I,II,23PMI04,M.Sc MICROBIOLOGY,MEDICAL VIROLOGY & PARASITOLOGY ,32,10.02.2026,AN
369,I,II,23PMIE08,M.Sc MICROBIOLOGY,CLINICAL & DIAGNOSTIC MICROBIOLOGY ,32,11.02.2026,FN
370,I,II,23PMIE11,M.Sc MICROBIOLOGY,NANOBIOTECHNOLOGY ,32,11.02.2026,AN
371,I,II,23PBTN01,M.Sc MICROBIOLOGY,GENE MANIPULATION TECHNOLOGY ,32,12.02.2026,FN
372,I,II,23PHR01,M.Sc MICROBIOLOGY,FUNDAMENTALS OF HUMAN RIGHTS ,32,12.02.2026,AN
373,II,IV,23PMI08,M.Sc MICROBIOLOGY,FOOD & DAIRY MICROBIOLOGY,32,10.02.2026,FN
374,II,IV,23PMI09,M.Sc MICROBIOLOGY,RESEARCH METHODOLOGY & BIOSTATISTICS,32,10.02.2026,AN
375,II,IV,23PMIE16 ,M.Sc MICROBIOLOGY,BIOENERGY ,32,11.02.2026,FN
376,II,IV,23PMIS01,M.Sc MICROBIOLOGY,MICROBIAL QUALITY CONTROL AND TESTING,32,11.02.2026,AN
377,I,II,23PSWFP03,M.S.W,CONCURRENT FIELD WORK PRACTICUM - II ,9,10.02.2026,FN
378,I,II,23PSWSTR1,M.S.W,THEATRE FOR TRANSFORMATION ( SEC-1) ,9,10.02.2026,AN
379,I,II,23PHR01,M.S.W,FUNDAMENTALS OF HUMAN RIGHTS ,9,11.02.2026,FN
380,I,II,23PSW04,M.S.W,COMMUNITY ORGANIZATION AND SOCIAL ACTION ,9,11.02.2026,AN
381,I,II,23PSW05,M.S.W,SOCIAL WORK RESEARCH AND STATISTICS ,9,12.02.2026,FN
382,I,II,23PSW06,M.S.W,SOCIAL WELFARE ADMINISTRATION AND SOCIAL LEGISLATIONS ,9,12.02.2026,AN
383,I,II,23PSW07A,M.S.W,HUMAN RESOURCE MANAGEMENT ,9,13.02.2026,FN
384,I,II,23PCMN02,M.S.W,NME - BUSINESS COMMUNICATION ,9,13.02.2026,AN
385,I,II,23PTFCT04 ,M.SC TFD,CORE IV FASHION MERCHANDISING,10,10.02.2026,FN
386,I,II,23PTFCT05 ,M.SC TFD,CORE V TECHNICAL TEXTILES,10,10.02.2026,AN
387,I,II,23PTFCP06,M.SC TFD,CORE VI ADVANCED DRAPING TECHNIQUES PRACTICALS,10,11.02.2026,FN
388,I,II,23PTFDE03,M.SC TFD,"IMPORT EXPORT MANAGEMENT & DOCUMENTATION / 
ENTREPRENEURSHIP DEVELOPMENT IN TEXTILES",10,11.02.2026,AN
389,I,II,23PTFNE01,M.SC TFD,NME-I FINANCIAL MANAGEMENT IN TEXTILES,10,12.02.2026,FN
390,I,II,23PTFVA01,M.SC TFD,VALUE EDUCATION - HUMAN RIGHTS,10,12.02.2026,AN
